{"cameraMode":{"drawMode":0,"name":"Shaded","section":"Shading Mode"},"sceneLighting":false,"audioPlay":false,"sceneViewState":{"m_AlwaysRefresh":false,"showFog":true,"showSkybox":false,"showFlares":true,"showImageEffects":true,"showParticleSystems":true,"showVisualEffectGraphs":true,"m_FxEnabled":true},"in2DMode":false,"pivot":{"x":0.9078998565673828,"y":10.621909141540528,"z":95.19841003417969},"rotation":{"x":-0.548187255859375,"y":-0.04387008026242256,"z":0.028807582333683969,"w":-0.8347104787826538},"size":53.397621154785159,"orthographic":false}