{"cameraMode":{"drawMode":0,"name":"Shaded","section":"Shading Mode"},"sceneLighting":false,"audioPlay":false,"sceneViewState":{"m_AlwaysRefresh":false,"showFog":true,"showSkybox":false,"showFlares":true,"showImageEffects":true,"showParticleSystems":true,"showVisualEffectGraphs":true,"m_FxEnabled":true},"in2DMode":false,"pivot":{"x":-2.941953659057617,"y":55.1566162109375,"z":106.40151977539063},"rotation":{"x":0.0026695579290390016,"y":-0.9970409870147705,"z":0.06529760360717774,"w":0.04069816693663597},"size":72.08332824707031,"orthographic":false}