{"cameraMode":{"drawMode":0,"name":"Shaded","section":"Shading Mode"},"sceneLighting":false,"audioPlay":false,"sceneViewState":{"m_AlwaysRefresh":false,"showFog":true,"showSkybox":false,"showFlares":true,"showImageEffects":true,"showParticleSystems":true,"showVisualEffectGraphs":true,"m_FxEnabled":true},"in2DMode":false,"pivot":{"x":-17.136199951171876,"y":25.773658752441408,"z":73.97711944580078},"rotation":{"x":-0.009186125360429287,"y":-0.48448166251182558,"z":-0.005089663900434971,"w":0.8747416734695435},"size":93.31773376464844,"orthographic":false}