{"cameraMode":{"drawMode":0,"name":"Shaded","section":"Shading Mode"},"sceneLighting":false,"audioPlay":false,"sceneViewState":{"m_AlwaysRefresh":false,"showFog":true,"showSkybox":false,"showFlares":true,"showImageEffects":true,"showParticleSystems":true,"showVisualEffectGraphs":true,"m_FxEnabled":true},"in2DMode":false,"pivot":{"x":8.08853530883789,"y":4.320550918579102,"z":-0.3116556406021118},"rotation":{"x":0.17875969409942628,"y":0.18417735397815705,"z":-0.034086842089891437,"w":0.9659013152122498},"size":11.219679832458496,"orthographic":false}