{"cameraMode":{"drawMode":0,"name":"Shaded","section":"Shading Mode"},"sceneLighting":false,"audioPlay":false,"sceneViewState":{"m_AlwaysRefresh":false,"showFog":true,"showSkybox":false,"showFlares":true,"showImageEffects":true,"showParticleSystems":true,"showVisualEffectGraphs":true,"m_FxEnabled":true},"in2DMode":false,"pivot":{"x":-6.715004920959473,"y":56.468536376953128,"z":77.68510437011719},"rotation":{"x":0.06380602717399597,"y":0.0403994657099247,"z":0.0025832154788076879,"w":-0.9971429109573364},"size":86.49759674072266,"orthographic":false}