{"cameraMode":{"drawMode":0,"name":"Shaded","section":"Shading Mode"},"sceneLighting":false,"audioPlay":false,"sceneViewState":{"m_AlwaysRefresh":false,"showFog":true,"showSkybox":false,"showFlares":true,"showImageEffects":true,"showParticleSystems":true,"showVisualEffectGraphs":true,"m_FxEnabled":true},"in2DMode":false,"pivot":{"x":21.630779266357423,"y":-19.757240295410158,"z":41.24861526489258},"rotation":{"x":0.14171987771987916,"y":0.11054164171218872,"z":-0.015919893980026246,"w":0.9835948348045349},"size":89.35066986083985,"orthographic":false}