{"cameraMode":{"drawMode":0,"name":"Shaded","section":"Shading Mode"},"sceneLighting":false,"audioPlay":false,"sceneViewState":{"m_AlwaysRefresh":false,"showFog":true,"showSkybox":false,"showFlares":true,"showImageEffects":true,"showParticleSystems":true,"showVisualEffectGraphs":true,"m_FxEnabled":true},"in2DMode":false,"pivot":{"x":-41.70870590209961,"y":25.8828067779541,"z":92.47299194335938},"rotation":{"x":0.000021903158994973637,"y":0.9999649524688721,"z":-0.0026996443048119547,"w":0.008096237666904927},"size":61.98571014404297,"orthographic":false}