{"cameraMode":{"drawMode":0,"name":"Shaded","section":"Shading Mode"},"sceneLighting":false,"audioPlay":false,"sceneViewState":{"m_AlwaysRefresh":false,"showFog":true,"showSkybox":false,"showFlares":true,"showImageEffects":true,"showParticleSystems":true,"showVisualEffectGraphs":true,"m_FxEnabled":true},"in2DMode":false,"pivot":{"x":-7.670000076293945,"y":18.099380493164064,"z":55.52347946166992},"rotation":{"x":0.030869675800204278,"y":-0.03897150978446007,"z":0.001204524072818458,"w":0.998762845993042},"size":88.62480163574219,"orthographic":false}