{"cameraMode":{"drawMode":0,"name":"Shaded","section":"Shading Mode"},"sceneLighting":false,"audioPlay":false,"sceneViewState":{"m_AlwaysRefresh":false,"showFog":true,"showSkybox":false,"showFlares":true,"showImageEffects":true,"showParticleSystems":true,"showVisualEffectGraphs":true,"m_FxEnabled":true},"in2DMode":false,"pivot":{"x":-144.78323364257813,"y":25.204126358032228,"z":185.86268615722657},"rotation":{"x":0.10117055475711823,"y":-0.5833163261413574,"z":0.07353246957063675,"w":0.8025596141815186},"size":220.40280151367188,"orthographic":false}