{"cameraMode":{"drawMode":0,"name":"Shaded","section":"Shading Mode"},"sceneLighting":false,"audioPlay":false,"sceneViewState":{"m_AlwaysRefresh":false,"showFog":true,"showSkybox":false,"showFlares":true,"showImageEffects":true,"showParticleSystems":true,"showVisualEffectGraphs":true,"m_FxEnabled":true},"in2DMode":false,"pivot":{"x":-0.1996479034423828,"y":8.119095802307129,"z":90.96202850341797},"rotation":{"x":0.7024887204170227,"y":-0.04175294563174248,"z":0.041354160755872729,"w":0.7092652916908264},"size":47.539756774902347,"orthographic":false}