{"cameraMode":{"drawMode":0,"name":"Shaded","section":"Shading Mode"},"sceneLighting":false,"audioPlay":false,"sceneViewState":{"m_AlwaysRefresh":false,"showFog":true,"showSkybox":false,"showFlares":true,"showImageEffects":true,"showParticleSystems":true,"showVisualEffectGraphs":true,"m_FxEnabled":true},"in2DMode":false,"pivot":{"x":48.011451721191409,"y":48.61146926879883,"z":105.40485382080078},"rotation":{"x":-0.05903470143675804,"y":0.03143271803855896,"z":-0.0018615410663187504,"w":-0.9977617263793945},"size":45.07706069946289,"orthographic":false}