{"cameraMode":{"drawMode":0,"name":"Shaded","section":"Shading Mode"},"sceneLighting":false,"audioPlay":false,"sceneViewState":{"m_AlwaysRefresh":false,"showFog":true,"showSkybox":false,"showFlares":true,"showImageEffects":true,"showParticleSystems":true,"showVisualEffectGraphs":true,"m_FxEnabled":true},"in2DMode":false,"pivot":{"x":0.7776117324829102,"y":34.28533172607422,"z":114.06033325195313},"rotation":{"x":-0.06197774037718773,"y":0.05087260529398918,"z":-0.0031649088487029077,"w":-0.9967775940895081},"size":135.45855712890626,"orthographic":false}