{"cameraMode":{"drawMode":0,"name":"Shaded","section":"Shading Mode"},"sceneLighting":false,"audioPlay":false,"sceneViewState":{"m_AlwaysRefresh":false,"showFog":true,"showSkybox":false,"showFlares":true,"showImageEffects":true,"showParticleSystems":true,"showVisualEffectGraphs":true,"m_FxEnabled":true},"in2DMode":false,"pivot":{"x":109.9000015258789,"y":-0.019999999552965165,"z":136.27999877929688},"rotation":{"x":0.1331733614206314,"y":-0.7324557900428772,"z":0.14992393553256989,"w":0.6506187319755554},"size":59.15636444091797,"orthographic":false}