{"cameraMode":{"drawMode":0,"name":"Shaded","section":"Shading Mode"},"sceneLighting":false,"audioPlay":false,"sceneViewState":{"m_AlwaysRefresh":false,"showFog":true,"showSkybox":false,"showFlares":true,"showImageEffects":true,"showParticleSystems":true,"showVisualEffectGraphs":true,"m_FxEnabled":true},"in2DMode":false,"pivot":{"x":-11.22922420501709,"y":-2.2814693450927736,"z":23.11052703857422},"rotation":{"x":0.009584706276655198,"y":-0.053058426827192309,"z":0.0005102837458252907,"w":0.9985488653182983},"size":65.45470428466797,"orthographic":false}