{"cameraMode":{"drawMode":0,"name":"Shaded","section":"Shading Mode"},"sceneLighting":false,"audioPlay":false,"sceneViewState":{"m_AlwaysRefresh":false,"showFog":true,"showSkybox":false,"showFlares":true,"showImageEffects":true,"showParticleSystems":true,"showVisualEffectGraphs":true,"m_FxEnabled":true},"in2DMode":false,"pivot":{"x":-9.706328392028809,"y":8.927929878234864,"z":72.62052917480469},"rotation":{"x":-0.12156499177217484,"y":0.060996588319540027,"z":-0.007487942930310965,"w":-0.9906830191612244},"size":20.001251220703126,"orthographic":false}