{"cameraMode":{"drawMode":0,"name":"Shaded","section":"Shading Mode"},"sceneLighting":false,"audioPlay":false,"sceneViewState":{"m_AlwaysRefresh":false,"showFog":true,"showSkybox":false,"showFlares":true,"showImageEffects":true,"showParticleSystems":true,"showVisualEffectGraphs":true,"m_FxEnabled":true},"in2DMode":false,"pivot":{"x":-9.149242401123047,"y":29.684141159057618,"z":41.84297180175781},"rotation":{"x":-0.045578520745038989,"y":-0.11541983485221863,"z":-0.005301652941852808,"w":0.9922568798065186},"size":71.05449676513672,"orthographic":false}