{"cameraMode":{"drawMode":0,"name":"Shaded","section":"Shading Mode"},"sceneLighting":false,"audioPlay":false,"sceneViewState":{"m_AlwaysRefresh":false,"showFog":true,"showSkybox":false,"showFlares":true,"showImageEffects":true,"showParticleSystems":true,"showVisualEffectGraphs":true,"m_FxEnabled":true},"in2DMode":false,"pivot":{"x":-1.107342004776001,"y":24.288021087646486,"z":108.4317626953125},"rotation":{"x":-0.05003633350133896,"y":0.040431082248687747,"z":-0.002028932562097907,"w":-0.9979293942451477},"size":95.89744567871094,"orthographic":false}