{"cameraMode":{"drawMode":0,"name":"Shaded","section":"Shading Mode"},"sceneLighting":false,"audioPlay":false,"sceneViewState":{"m_AlwaysRefresh":false,"showFog":true,"showSkybox":false,"showFlares":true,"showImageEffects":true,"showParticleSystems":true,"showVisualEffectGraphs":true,"m_FxEnabled":true},"in2DMode":false,"pivot":{"x":6.4581756591796879,"y":57.58670425415039,"z":117.87450408935547},"rotation":{"x":0.3621646761894226,"y":0.060060836374759677,"z":-0.02339150942862034,"w":0.9298849105834961},"size":44.69105911254883,"orthographic":false}