{"cameraMode":{"drawMode":0,"name":"Shaded","section":"Shading Mode"},"sceneLighting":false,"audioPlay":false,"sceneViewState":{"m_AlwaysRefresh":false,"showFog":true,"showSkybox":false,"showFlares":true,"showImageEffects":true,"showParticleSystems":true,"showVisualEffectGraphs":true,"m_FxEnabled":true},"in2DMode":false,"pivot":{"x":-3.0584797859191896,"y":16.18756866455078,"z":51.742740631103519},"rotation":{"x":0.03860068321228027,"y":0.9533958435058594,"z":-0.26509198546409609,"w":0.1388264149427414},"size":13.149681091308594,"orthographic":false}